"Guest Cookie Management","Guest Cookie Management"
"Cookie Lifetime","Cookie Lifetime"
"Cart","Cart"
"A secure token that uniquely identifies a visitor's product, address, payment and shipping choices.","A secure token that uniquely identifies a visitor's product, address, payment and shipping choices."
"Cart Cookie","Cart Cookie"
"Compare Products","Compare Products"
"Products waiting to be compared.","Products waiting to be compared."
"Compare Products Cookie","Compare Products Cookie"
"Viewed Products","Viewed Products"
"Product pages user has visited.","Product pages user has visited."
"Viewed Products Cookie","Viewed Products Cookie"
"1 Hour","1 Hour"
"1 Day","1 Day"
"1 Week","1 Week"
"1 Month","1 Month"
"1 Year","1 Year"
"10 Years","10 Years"
"25 Years","25 Years"
